,SubID,TrialType,RT,ACC
0,3,congruent,768,1
1,3,incongruent,561,1
2,3,congruent,442,1
3,3,incongruent,503,1
4,3,congruent,410,1
5,3,congruent,409,1
6,3,incongruent,527,1
7,3,incongruent,480,1
8,3,incongruent,468,1
9,3,congruent,505,1
10,3,incongruent,508,1
11,3,congruent,431,1
12,3,incongruent,461,1
13,3,congruent,402,1
14,3,congruent,425,1
15,3,incongruent,423,1
16,3,congruent,374,1
17,3,incongruent,815,1
18,3,congruent,397,1
19,3,incongruent,509,1
20,3,incongruent,488,1
21,3,incongruent,412,1
22,3,congruent,362,1
23,3,congruent,395,1
24,3,incongruent,442,1
25,3,congruent,392,1
26,3,incongruent,447,1
27,3,congruent,467,1
28,3,incongruent,624,1
29,3,congruent,446,1
30,3,incongruent,500,1
31,3,congruent,391,1
32,3,congruent,382,1
33,3,congruent,406,1
34,3,incongruent,588,1
35,3,incongruent,403,1
36,3,congruent,394,1
37,3,incongruent,425,1
38,3,incongruent,455,1
39,3,congruent,347,1
40,3,incongruent,452,1
41,3,congruent,505,1
42,3,congruent,403,1
43,3,incongruent,473,1
44,3,congruent,438,1
45,3,congruent,396,1
46,3,incongruent,593,1
47,3,incongruent,505,1
48,3,congruent,387,1
49,3,incongruent,467,1
50,3,congruent,375,1
51,3,incongruent,726,1
52,3,congruent,375,1
53,3,incongruent,479,1
54,3,congruent,426,1
55,3,incongruent,448,1
56,3,congruent,397,1
57,3,incongruent,396,1
58,3,congruent,411,1
59,3,incongruent,450,1
60,3,congruent,367,1
61,3,congruent,384,1
62,3,incongruent,488,1
63,3,incongruent,428,1
64,3,congruent,378,1
65,3,incongruent,465,1
66,3,incongruent,437,1
67,3,congruent,379,1
68,3,congruent,427,1
69,3,incongruent,593,1
70,3,incongruent,529,1
71,3,congruent,387,1
72,3,incongruent,467,1
73,3,incongruent,447,1
74,3,congruent,389,1
75,3,congruent,341,1
76,3,congruent,382,1
77,3,incongruent,454,1
78,3,incongruent,396,1
79,3,congruent,347,1
80,3,congruent,316,1
81,3,incongruent,439,1
82,3,incongruent,413,1
83,3,congruent,324,1
84,3,congruent,334,1
85,3,congruent,448,1
86,3,incongruent,470,1
87,3,incongruent,474,1
88,3,congruent,383,1
89,3,incongruent,382,1
90,3,incongruent,398,1
91,3,congruent,390,1
92,3,incongruent,438,1
93,3,incongruent,404,1
94,3,congruent,379,1
95,3,congruent,411,1
96,3,congruent,386,1
97,3,incongruent,482,1
98,3,incongruent,438,1
99,3,congruent,411,1
100,3,congruent,530,1
101,3,incongruent,500,1
102,5,congruent,865,1
103,5,congruent,701,1
104,5,incongruent,920,1
105,5,incongruent,955,1
106,5,incongruent,748,1
107,5,incongruent,596,1
108,5,congruent,692,1
109,5,congruent,559,1
110,5,incongruent,671,1
111,5,congruent,572,1
112,5,congruent,653,1
113,5,incongruent,690,1
114,5,congruent,630,1
115,5,congruent,524,1
116,5,incongruent,887,1
117,5,incongruent,595,1
118,5,incongruent,699,1
119,5,incongruent,1006,1
120,5,congruent,566,1
121,5,congruent,462,1
122,5,congruent,571,1
123,5,congruent,500,1
124,5,incongruent,607,1
125,5,incongruent,606,1
126,5,incongruent,565,1
127,5,congruent,534,1
128,5,incongruent,536,1
129,5,congruent,530,1
130,5,congruent,548,1
131,5,incongruent,709,1
132,5,congruent,664,1
133,5,incongruent,645,1
134,5,congruent,490,1
135,5,incongruent,654,1
136,5,incongruent,804,1
137,5,congruent,491,1
138,5,incongruent,606,1
139,5,incongruent,630,1
140,5,congruent,596,1
141,5,congruent,683,1
142,5,incongruent,631,1
143,5,congruent,541,1
144,5,congruent,575,1
145,5,incongruent,703,1
146,5,congruent,506,1
147,5,incongruent,542,1
148,5,congruent,727,1
149,5,incongruent,657,1
150,5,congruent,487,1
151,5,incongruent,635,1
152,5,incongruent,689,1
153,5,congruent,836,1
154,5,incongruent,682,1
155,5,congruent,582,1
156,5,congruent,622,1
157,5,incongruent,677,1
158,5,incongruent,705,1
159,5,congruent,860,1
160,5,congruent,529,1
161,5,incongruent,683,1
162,5,incongruent,639,1
163,5,incongruent,573,1
164,5,congruent,478,1
165,5,congruent,562,1
166,5,incongruent,603,1
167,5,congruent,594,1
168,5,incongruent,706,1
169,5,congruent,517,1
170,5,congruent,784,1
171,5,congruent,472,1
172,5,incongruent,613,1
173,5,incongruent,611,1
174,5,incongruent,490,1
175,5,congruent,590,1
176,5,incongruent,622,1
177,5,congruent,629,1
178,5,incongruent,491,1
179,5,congruent,559,1
180,5,congruent,720,1
181,5,incongruent,641,1
182,5,incongruent,576,1
183,5,incongruent,631,1
184,5,congruent,461,1
185,5,congruent,450,1
186,5,incongruent,567,1
187,5,incongruent,1000,1
188,5,congruent,511,1
189,5,congruent,482,1
190,5,incongruent,630,1
191,5,congruent,444,1
192,5,congruent,418,1
193,5,incongruent,576,1
194,5,congruent,368,1
195,5,incongruent,417,0
196,5,incongruent,664,1
197,5,congruent,588,1
198,5,incongruent,620,1
199,5,congruent,547,1
200,5,congruent,1061,1
201,5,incongruent,633,1
202,5,congruent,583,1
203,5,incongruent,600,1
204,6,incongruent,1102,1
205,6,congruent,494,1
206,6,congruent,445,1
207,6,incongruent,585,1
208,6,incongruent,557,1
209,6,congruent,838,1
210,6,incongruent,593,1
211,6,congruent,586,1
212,6,incongruent,609,1
213,6,congruent,533,1
214,6,congruent,353,1
215,6,incongruent,605,1
216,6,incongruent,633,1
217,6,congruent,491,1
218,6,congruent,585,1
219,6,incongruent,656,1
220,6,congruent,415,1
221,6,incongruent,806,1
222,6,congruent,675,1
223,6,incongruent,565,1
224,6,congruent,521,1
225,6,incongruent,770,1
226,6,congruent,535,1
227,6,incongruent,758,1
228,6,congruent,840,1
229,6,congruent,698,1
230,6,incongruent,497,1
231,6,incongruent,536,1
232,6,incongruent,839,1
233,6,congruent,489,1
234,6,congruent,412,1
235,6,incongruent,599,1
236,6,incongruent,705,1
237,6,congruent,600,1
238,6,incongruent,954,1
239,6,congruent,437,1
240,6,congruent,830,1
241,6,congruent,648,1
242,6,incongruent,557,1
243,6,incongruent,454,1
244,6,congruent,602,1
245,6,congruent,990,1
246,6,incongruent,585,1
247,6,incongruent,536,1
248,6,congruent,583,1
249,6,congruent,886,1
250,6,incongruent,739,1
251,6,incongruent,645,1
252,6,incongruent,769,1
253,6,incongruent,585,1
254,6,congruent,1000,1
255,6,congruent,819,1
256,6,incongruent,555,1
257,6,congruent,572,1
258,6,congruent,888,1
259,6,incongruent,518,1
260,6,incongruent,511,1
261,6,congruent,880,1
262,6,congruent,755,1
263,6,incongruent,493,1
264,6,incongruent,536,1
265,6,congruent,590,1
266,6,incongruent,640,1
267,6,congruent,498,1
268,6,incongruent,560,1
269,6,incongruent,722,1
270,6,congruent,686,1
271,6,congruent,723,1
272,6,congruent,856,1
273,6,incongruent,488,1
274,6,congruent,812,1
275,6,incongruent,601,1
276,6,congruent,1178,1
277,6,incongruent,595,1
278,6,congruent,453,1
279,6,incongruent,680,1
280,6,congruent,562,1
281,6,incongruent,550,1
282,6,congruent,552,1
284,6,congruent,499,1
285,6,incongruent,1441,1
286,6,incongruent,955,1
287,6,congruent,518,1
288,6,incongruent,607,1
289,6,congruent,1167,1
290,6,congruent,877,1
291,6,incongruent,527,1
292,6,congruent,635,1
293,6,incongruent,469,1
294,6,incongruent,542,1
295,6,congruent,636,1
296,6,incongruent,1054,1
297,6,incongruent,502,1
298,6,congruent,1077,1
299,6,congruent,664,1
300,6,congruent,1543,1
301,6,incongruent,746,1
302,6,congruent,537,1
303,6,incongruent,528,1
304,6,incongruent,396,1
305,6,incongruent,556,1
306,8,congruent,1409,1
307,8,incongruent,616,1
308,8,incongruent,607,1
309,8,congruent,572,1
310,8,incongruent,520,1
311,8,congruent,548,1
312,8,congruent,466,1
313,8,incongruent,625,1
314,8,incongruent,488,1
315,8,incongruent,548,1
316,8,congruent,457,1
317,8,congruent,384,1
318,8,congruent,430,1
319,8,congruent,367,1
320,8,incongruent,402,1
321,8,incongruent,406,1
322,8,incongruent,417,1
323,8,congruent,864,1
324,8,incongruent,816,1
325,8,congruent,648,1
326,8,incongruent,796,1
327,8,incongruent,614,1
328,8,congruent,725,1
329,8,congruent,458,1
330,8,incongruent,696,1
331,8,congruent,552,1
332,8,incongruent,609,1
333,8,congruent,621,1
334,8,incongruent,588,1
335,8,congruent,694,1
336,8,incongruent,490,1
337,8,congruent,758,1
338,8,incongruent,616,1
339,8,incongruent,559,1
340,8,congruent,817,1
341,8,congruent,553,1
342,8,incongruent,458,1
343,8,congruent,401,1
344,8,congruent,436,1
345,8,incongruent,509,1
346,8,congruent,502,1
347,8,incongruent,477,1
348,8,incongruent,437,1
349,8,congruent,423,1
350,8,congruent,485,1
351,8,congruent,411,1
352,8,incongruent,430,1
353,8,incongruent,439,1
354,8,congruent,560,1
355,8,incongruent,538,1
356,8,incongruent,488,1
357,8,congruent,661,1
358,8,incongruent,564,1
359,8,congruent,520,1
360,8,incongruent,537,1
361,8,congruent,584,1
362,8,congruent,577,1
363,8,incongruent,568,1
364,8,congruent,588,1
365,8,incongruent,598,1
366,8,congruent,575,1
367,8,incongruent,630,1
368,8,congruent,608,1
369,8,incongruent,468,1
370,8,incongruent,547,1
371,8,congruent,625,1
372,8,incongruent,528,1
373,8,congruent,543,1
374,8,incongruent,726,1
375,8,congruent,443,1
376,8,congruent,598,1
377,8,incongruent,600,1
378,8,congruent,690,1
379,8,congruent,502,1
380,8,incongruent,517,1
381,8,incongruent,494,1
382,8,incongruent,585,1
383,8,congruent,481,1
384,8,congruent,569,1
385,8,incongruent,574,1
386,8,congruent,468,1
387,8,congruent,493,1
388,8,incongruent,489,1
389,8,incongruent,516,1
390,8,congruent,670,1
391,8,incongruent,968,1
392,8,congruent,629,1
393,8,incongruent,583,1
394,8,congruent,790,1
395,8,incongruent,536,1
396,8,incongruent,559,1
397,8,congruent,587,1
398,8,congruent,594,1
399,8,incongruent,451,1
400,8,congruent,519,1
401,8,incongruent,528,1
402,8,congruent,460,1
403,8,incongruent,499,1
404,8,congruent,1161,1
405,8,incongruent,480,1
406,8,incongruent,593,1
407,8,incongruent,490,1
408,10,incongruent,826,1
409,10,congruent,526,1
410,10,congruent,460,1
411,10,incongruent,546,1
412,10,congruent,457,1
413,10,congruent,399,1
414,10,incongruent,504,1
415,10,incongruent,479,1
416,10,incongruent,459,1
417,10,congruent,393,1
418,10,incongruent,490,1
419,10,congruent,374,1
420,10,incongruent,449,1
421,10,congruent,421,1
422,10,congruent,355,1
423,10,incongruent,484,1
424,10,congruent,440,1
425,10,incongruent,1041,1
426,10,incongruent,527,1
427,10,congruent,419,1
428,10,congruent,401,1
429,10,incongruent,554,1
430,10,congruent,419,1
431,10,incongruent,641,1
432,10,incongruent,446,1
433,10,congruent,425,1
434,10,incongruent,527,1
435,10,congruent,459,1
436,10,incongruent,513,1
437,10,incongruent,499,1
438,10,congruent,505,1
439,10,congruent,496,1
440,10,congruent,454,1
441,10,congruent,402,1
442,10,incongruent,1118,1
443,10,incongruent,457,1
444,10,congruent,408,1
445,10,incongruent,435,1
446,10,congruent,412,1
447,10,incongruent,464,1
448,10,incongruent,910,1
449,10,incongruent,505,1
450,10,congruent,463,1
451,10,congruent,358,1
452,10,incongruent,551,1
453,10,congruent,464,1
454,10,incongruent,470,1
455,10,congruent,432,1
456,10,incongruent,577,1
457,10,congruent,487,1
458,10,incongruent,515,1
459,10,congruent,981,1
460,10,congruent,476,1
461,10,congruent,597,1
462,10,incongruent,527,1
463,10,incongruent,539,1
464,10,congruent,410,1
465,10,incongruent,509,1
466,10,incongruent,534,1
467,10,congruent,365,1
468,10,incongruent,552,1
469,10,congruent,442,1
470,10,congruent,430,1
471,10,incongruent,503,1
472,10,incongruent,520,1
473,10,incongruent,481,1
474,10,congruent,434,1
475,10,congruent,459,1
476,10,incongruent,1058,1
477,10,congruent,483,1
478,10,congruent,390,1
479,10,incongruent,463,1
480,10,congruent,390,1
481,10,incongruent,454,1
482,10,congruent,426,1
483,10,incongruent,480,1
484,10,incongruent,538,1
485,10,incongruent,760,1
486,10,congruent,450,1
487,10,congruent,453,1
488,10,incongruent,489,1
489,10,congruent,461,1
490,10,congruent,523,1
491,10,incongruent,559,1
492,10,incongruent,529,1
493,10,congruent,541,1
494,10,incongruent,531,1
495,10,congruent,479,1
496,10,incongruent,593,1
497,10,congruent,442,1
498,10,incongruent,542,1
499,10,congruent,389,1
500,10,incongruent,557,1
501,10,incongruent,714,1
502,10,congruent,436,1
503,10,congruent,397,1
504,10,incongruent,541,1
505,10,incongruent,508,1
506,10,congruent,419,1
507,10,congruent,449,1
508,10,congruent,421,1
509,10,incongruent,563,1
510,11,incongruent,561,1
511,11,congruent,405,1
512,11,incongruent,465,1
513,11,congruent,378,1
514,11,congruent,368,1
515,11,incongruent,518,1
516,11,congruent,447,1
517,11,incongruent,539,1
518,11,incongruent,482,1
519,11,congruent,413,1
520,11,incongruent,486,1
521,11,congruent,418,1
522,11,incongruent,473,1
523,11,congruent,516,1
524,11,congruent,565,1
525,11,incongruent,553,1
526,11,incongruent,482,1
527,11,congruent,655,1
528,11,congruent,566,1
529,11,incongruent,1018,1
530,11,incongruent,538,1
531,11,congruent,431,1
532,11,congruent,448,1
533,11,incongruent,500,1
534,11,congruent,421,1
535,11,incongruent,454,1
536,11,incongruent,532,1
537,11,congruent,376,1
538,11,incongruent,478,1
539,11,incongruent,463,1
540,11,congruent,385,1
541,11,congruent,409,1
542,11,incongruent,472,1
543,11,congruent,441,1
544,11,congruent,573,1
545,11,incongruent,444,1
546,11,congruent,391,1
547,11,incongruent,495,1
548,11,congruent,390,1
549,11,incongruent,472,1
550,11,congruent,496,1
551,11,incongruent,510,1
552,11,incongruent,488,1
553,11,congruent,395,1
554,11,incongruent,468,1
555,11,congruent,411,1
556,11,congruent,518,1
557,11,incongruent,519,1
558,11,congruent,419,1
559,11,incongruent,482,1
560,11,incongruent,494,1
561,11,congruent,482,1
562,11,congruent,438,1
563,11,incongruent,489,1
564,11,congruent,469,1
565,11,incongruent,502,1
566,11,congruent,501,1
567,11,incongruent,1043,1
568,11,incongruent,529,1
569,11,congruent,461,1
570,11,congruent,428,1
571,11,incongruent,594,1
572,11,incongruent,510,1
573,11,congruent,407,1
574,11,congruent,477,1
575,11,congruent,446,1
576,11,incongruent,474,1
577,11,incongruent,491,1
578,11,incongruent,820,1
579,11,congruent,452,1
580,11,incongruent,554,1
581,11,congruent,492,1
582,11,incongruent,528,1
583,11,congruent,460,1
584,11,incongruent,514,1
585,11,congruent,499,1
586,11,incongruent,490,1
587,11,congruent,390,1
588,11,incongruent,511,1
589,11,congruent,424,1
590,11,congruent,830,1
591,11,incongruent,489,1
592,11,incongruent,516,1
593,11,congruent,558,1
594,11,incongruent,527,1
595,11,congruent,606,1
596,11,congruent,426,1
597,11,incongruent,561,1
598,11,congruent,425,1
599,11,congruent,399,1
600,11,incongruent,472,1
601,11,incongruent,452,1
602,11,incongruent,464,1
603,11,congruent,502,1
604,11,congruent,485,1
605,11,incongruent,481,1
606,11,incongruent,498,1
607,11,incongruent,496,1
608,11,congruent,439,1
609,11,congruent,384,1
610,11,congruent,462,1
611,11,congruent,388,1
612,14,congruent,796,1
613,14,incongruent,905,1
614,14,incongruent,548,1
615,14,congruent,389,1
616,14,congruent,398,1
617,14,incongruent,561,1
618,14,incongruent,797,1
619,14,congruent,400,1
620,14,incongruent,688,1
621,14,congruent,525,1
622,14,incongruent,649,1
623,14,congruent,485,1
624,14,incongruent,641,1
625,14,incongruent,771,0
626,14,congruent,544,1
627,14,congruent,670,1
628,14,incongruent,776,1
629,14,incongruent,952,1
630,14,congruent,499,1
631,14,congruent,457,1
632,14,congruent,608,1
633,14,incongruent,540,1
634,14,incongruent,499,1
635,14,congruent,400,1
636,14,congruent,418,1
637,14,incongruent,568,1
638,14,congruent,532,1
639,14,incongruent,631,1
640,14,congruent,474,1
641,14,congruent,546,1
642,14,incongruent,737,1
643,14,incongruent,552,1
644,14,congruent,482,1
645,14,incongruent,551,1
646,14,incongruent,1055,1
647,14,congruent,432,1
648,14,incongruent,425,1
649,14,incongruent,599,1
650,14,congruent,385,1
651,14,congruent,471,1
652,14,incongruent,536,1
653,14,incongruent,478,1
654,14,congruent,456,1
655,14,congruent,510,1
656,14,congruent,495,1
657,14,congruent,334,1
658,14,incongruent,553,1
659,14,incongruent,482,1
660,14,incongruent,662,1
661,14,incongruent,576,1
662,14,congruent,391,1
663,14,congruent,912,1
664,14,incongruent,587,1
665,14,congruent,420,1
666,14,congruent,474,1
667,14,incongruent,612,1
668,14,incongruent,624,1
669,14,congruent,407,1
670,14,congruent,562,1
671,14,incongruent,854,1
672,14,congruent,438,1
673,14,congruent,567,1
674,14,incongruent,907,1
675,14,incongruent,502,1
676,14,congruent,509,1
677,14,incongruent,590,1
678,14,incongruent,487,1
679,14,congruent,379,1
680,14,incongruent,914,1
681,14,incongruent,684,1
682,14,congruent,401,1
683,14,congruent,372,1
684,14,congruent,528,1
685,14,incongruent,524,1
686,14,congruent,528,1
687,14,incongruent,508,1
688,14,incongruent,530,1
689,14,congruent,390,1
690,14,incongruent,583,1
691,14,congruent,494,1
692,14,congruent,530,1
693,14,incongruent,750,1
694,14,incongruent,544,1
695,14,congruent,486,1
696,14,incongruent,650,1
697,14,incongruent,1311,1
698,14,congruent,499,1
699,14,congruent,370,1
700,14,congruent,405,1
701,14,incongruent,504,1
702,14,incongruent,679,1
703,14,congruent,396,1
704,14,incongruent,516,1
705,14,congruent,438,1
706,14,congruent,431,1
707,14,incongruent,632,1
708,14,congruent,433,1
709,14,congruent,442,1
710,14,incongruent,522,1
711,14,incongruent,838,1
712,14,congruent,457,1
713,14,incongruent,696,1
714,15,congruent,707,1
715,15,incongruent,578,0
716,15,incongruent,849,1
717,15,congruent,438,1
718,15,congruent,423,1
719,15,incongruent,541,0
720,15,congruent,764,1
721,15,incongruent,624,1
722,15,incongruent,615,1
723,15,congruent,486,1
724,15,congruent,530,1
725,15,incongruent,606,1
726,15,congruent,474,1
727,15,incongruent,516,1
728,15,incongruent,645,1
729,15,congruent,505,1
730,15,incongruent,544,1
731,15,incongruent,1135,1
732,15,congruent,432,1
733,15,congruent,449,1
734,15,incongruent,484,1
735,15,congruent,536,0
736,15,congruent,519,1
737,15,incongruent,632,1
738,15,incongruent,618,1
739,15,incongruent,611,1
740,15,congruent,608,1
741,15,congruent,460,1
742,15,congruent,506,1
743,15,incongruent,579,1
744,15,incongruent,562,1
745,15,congruent,710,1
746,15,congruent,408,1
747,15,incongruent,548,1
748,15,incongruent,1222,1
749,15,congruent,415,1
750,15,incongruent,538,1
751,15,congruent,601,1
752,15,congruent,458,1
753,15,incongruent,609,1
754,15,congruent,685,1
755,15,incongruent,786,1
756,15,congruent,440,1
757,15,incongruent,621,1
758,15,congruent,372,1
759,15,congruent,622,1
760,15,incongruent,581,1
761,15,incongruent,543,1
762,15,incongruent,517,1
763,15,congruent,463,1
764,15,incongruent,677,1
765,15,congruent,615,1
766,15,congruent,462,1
767,15,incongruent,511,1
768,15,incongruent,449,1
769,15,congruent,548,1
770,15,incongruent,566,1
771,15,congruent,426,1
772,15,incongruent,512,1
773,15,congruent,441,1
774,15,congruent,434,1
775,15,incongruent,587,1
776,15,congruent,533,1
777,15,incongruent,563,1
778,15,congruent,527,1
779,15,incongruent,547,1
780,15,incongruent,482,1
781,15,congruent,558,1
782,15,congruent,856,1
783,15,congruent,439,1
784,15,incongruent,664,1
785,15,incongruent,672,1
786,15,congruent,497,1
787,15,incongruent,560,1
788,15,incongruent,609,1
789,15,congruent,456,1
790,15,congruent,495,1
791,15,congruent,514,1
792,15,incongruent,780,1
793,15,incongruent,531,1
794,15,congruent,551,1
795,15,congruent,425,1
796,15,incongruent,535,1
797,15,incongruent,518,1
798,15,congruent,479,1
799,15,incongruent,832,1
800,15,congruent,507,1
801,15,incongruent,556,1
802,15,congruent,629,1
803,15,congruent,391,1
804,15,incongruent,528,1
805,15,incongruent,516,1
806,15,incongruent,573,1
807,15,incongruent,633,1
808,15,congruent,419,1
809,15,congruent,425,1
810,15,incongruent,607,1
811,15,congruent,516,1
812,15,congruent,517,1
813,15,incongruent,606,1
814,15,congruent,466,1
815,15,incongruent,537,1
816,16,congruent,1121,1
817,16,incongruent,527,1
818,16,congruent,638,1
819,16,incongruent,539,1
820,16,incongruent,465,1
821,16,congruent,416,1
822,16,incongruent,478,1
823,16,congruent,631,1
824,16,incongruent,1033,1
825,16,congruent,1132,1
826,16,congruent,362,1
827,16,incongruent,285,0
828,16,congruent,472,1
829,16,incongruent,666,1
830,16,congruent,489,1
831,16,incongruent,612,1
832,16,incongruent,489,1
833,16,congruent,1109,1
834,16,congruent,448,1
835,16,incongruent,476,1
836,16,congruent,437,1
837,16,incongruent,494,1
838,16,incongruent,466,1
839,16,congruent,448,1
840,16,incongruent,487,1
841,16,congruent,361,1
842,16,congruent,419,1
843,16,incongruent,409,1
844,16,congruent,397,1
845,16,congruent,405,1
846,16,incongruent,592,1
847,16,incongruent,434,0
848,16,congruent,459,1
849,16,incongruent,497,1
850,16,incongruent,912,1
851,16,congruent,483,1
852,16,congruent,678,1
853,16,incongruent,536,1
854,16,congruent,471,1
855,16,incongruent,528,1
856,16,incongruent,484,1
857,16,congruent,392,1
858,16,congruent,409,1
859,16,incongruent,476,1
860,16,congruent,357,1
861,16,incongruent,510,1
862,16,congruent,599,1
863,16,incongruent,393,0
864,16,incongruent,442,1
865,16,congruent,509,1
866,16,incongruent,534,1
867,16,congruent,851,1
868,16,congruent,488,1
869,16,incongruent,476,1
870,16,incongruent,469,1
871,16,congruent,398,1
872,16,congruent,457,1
873,16,incongruent,504,1
874,16,incongruent,550,1
875,16,congruent,392,1
876,16,incongruent,449,1
877,16,congruent,500,1
878,16,incongruent,515,1
879,16,congruent,436,1
880,16,incongruent,453,1
881,16,congruent,417,1
882,16,congruent,487,1
883,16,incongruent,467,1
884,16,congruent,617,1
885,16,incongruent,504,1
886,16,congruent,463,1
887,16,incongruent,445,1
888,16,incongruent,497,1
889,16,incongruent,520,1
890,16,congruent,553,1
891,16,congruent,754,1
892,16,incongruent,444,0
893,16,incongruent,472,1
894,16,congruent,425,1
895,16,congruent,431,1
896,16,incongruent,640,1
897,16,congruent,522,1
898,16,congruent,542,1
899,16,incongruent,517,1
900,16,incongruent,886,1
901,16,congruent,955,1
902,16,incongruent,502,1
903,16,congruent,501,1
904,16,incongruent,515,1
905,16,incongruent,509,1
906,16,congruent,462,1
907,16,congruent,444,1
908,16,congruent,408,1
909,16,incongruent,467,1
910,16,congruent,506,1
911,16,incongruent,504,1
912,16,incongruent,519,1
913,16,congruent,496,1
914,16,congruent,607,1
915,16,incongruent,635,1
916,16,incongruent,485,1
917,16,congruent,351,1
918,18,congruent,630,1
919,18,congruent,487,1
920,18,incongruent,515,1
921,18,incongruent,548,1
922,18,congruent,446,1
923,18,incongruent,673,1
924,18,congruent,499,1
925,18,incongruent,506,1
926,18,congruent,424,1
927,18,incongruent,430,1
928,18,congruent,511,1
929,18,incongruent,473,1
930,18,congruent,434,1
931,18,congruent,387,1
932,18,incongruent,489,1
933,18,incongruent,453,1
934,18,incongruent,511,1
935,18,congruent,657,1
936,18,congruent,352,1
937,18,incongruent,561,1
938,18,congruent,394,1
939,18,congruent,387,1
940,18,incongruent,489,1
941,18,incongruent,453,1
942,18,congruent,441,1
943,18,incongruent,476,1
944,18,congruent,901,1
945,18,incongruent,448,1
946,18,congruent,380,1
947,18,incongruent,482,1
948,18,congruent,462,1
949,18,incongruent,452,1
950,18,congruent,408,1
951,18,congruent,539,1
952,18,incongruent,730,1
953,18,incongruent,567,1
954,18,incongruent,483,1
955,18,incongruent,383,1
956,18,congruent,389,1
957,18,congruent,446,1
958,18,congruent,377,1
959,18,incongruent,391,1
960,18,incongruent,400,1
961,18,congruent,377,1
962,18,incongruent,455,1
963,18,incongruent,486,1
964,18,congruent,465,1
965,18,congruent,440,1
966,18,incongruent,403,1
967,18,congruent,455,1
968,18,incongruent,381,1
969,18,congruent,508,1
970,18,incongruent,514,1
971,18,congruent,420,1
972,18,congruent,466,1
973,18,incongruent,584,1
974,18,incongruent,471,1
975,18,congruent,448,1
976,18,congruent,340,1
977,18,incongruent,538,1
978,18,congruent,424,1
979,18,congruent,415,1
980,18,incongruent,554,1
981,18,incongruent,420,1
982,18,incongruent,538,1
983,18,congruent,401,1
984,18,incongruent,569,1
985,18,congruent,429,1
986,18,incongruent,623,1
987,18,incongruent,382,1
988,18,congruent,380,1
989,18,congruent,426,1
990,18,congruent,416,1
991,18,incongruent,430,1
992,18,congruent,431,1
993,18,incongruent,464,1
994,18,incongruent,423,1
995,18,congruent,429,1
996,18,congruent,430,1
997,18,incongruent,543,1
998,18,incongruent,614,1
999,18,congruent,453,1
1000,18,congruent,371,1
1001,18,incongruent,446,1
1002,18,congruent,426,1
1003,18,incongruent,841,1
1004,18,congruent,379,1
1005,18,incongruent,473,1
1006,18,congruent,442,1
1007,18,incongruent,389,1
1008,18,incongruent,454,1
1009,18,congruent,361,1
1010,18,congruent,373,1
1011,18,incongruent,512,1
1012,18,congruent,481,1
1013,18,incongruent,573,1
1014,18,congruent,396,1
1015,18,congruent,469,1
1016,18,incongruent,534,1
1017,18,incongruent,434,1
1018,18,congruent,443,1
1019,18,incongruent,446,1
1020,19,incongruent,1061,1
1021,19,incongruent,696,1
1022,19,congruent,624,1
1023,19,congruent,423,1
1024,19,congruent,565,1
1025,19,incongruent,761,1
1026,19,incongruent,702,1
1027,19,congruent,493,1
1028,19,incongruent,609,1
1029,19,congruent,493,1
1030,19,incongruent,681,1
1031,19,congruent,451,1
1032,19,congruent,615,1
1033,19,congruent,462,1
1034,19,incongruent,684,1
1035,19,incongruent,640,1
1036,19,incongruent,621,1
1037,19,congruent,1852,1
1038,19,incongruent,816,1
1039,19,congruent,567,1
1040,19,congruent,683,1
1041,19,congruent,528,1
1042,19,incongruent,748,1
1043,19,incongruent,566,1
1044,19,incongruent,874,1
1045,19,incongruent,597,1
1046,19,congruent,638,1
1047,19,congruent,560,1
1048,19,congruent,587,1
1049,19,incongruent,754,1
1050,19,congruent,396,1
1051,19,incongruent,741,1
1052,19,congruent,540,1
1053,19,congruent,547,1
1054,19,incongruent,869,1
1055,19,incongruent,567,1
1056,19,congruent,475,1
1057,19,incongruent,1028,1
1058,19,incongruent,552,1
1059,19,congruent,529,1
1060,19,congruent,597,1
1061,19,incongruent,767,1
1062,19,congruent,675,1
1063,19,incongruent,957,1
1064,19,incongruent,1128,1
1065,19,congruent,494,1
1066,19,incongruent,765,1
1067,19,congruent,506,1
1068,19,incongruent,664,1
1069,19,incongruent,575,1
1070,19,congruent,622,1
1071,19,congruent,589,1
1072,19,congruent,519,1
1073,19,incongruent,1608,1
1074,19,incongruent,512,1
1075,19,congruent,473,1
1076,19,congruent,410,1
1077,19,congruent,438,1
1078,19,incongruent,775,1
1079,19,incongruent,1214,1
1080,19,congruent,536,1
1081,19,congruent,502,1
1082,19,incongruent,685,1
1083,19,incongruent,593,1
1084,19,incongruent,603,1
1085,19,congruent,511,1
1086,19,incongruent,672,1
1087,19,congruent,498,1
1088,19,congruent,673,1
1089,19,incongruent,1546,1
1090,19,incongruent,599,1
1091,19,congruent,513,1
1092,19,incongruent,698,1
1093,19,congruent,505,1
1094,19,congruent,464,1
1095,19,incongruent,470,1
1096,19,congruent,503,1
1097,19,incongruent,622,1
1098,19,congruent,639,1
1099,19,incongruent,577,1
1100,19,incongruent,608,1
1101,19,congruent,564,1
1102,19,congruent,440,1
1103,19,incongruent,761,1
1104,19,congruent,590,1
1105,19,incongruent,1432,1
1106,19,incongruent,949,1
1107,19,congruent,583,1
1108,19,congruent,489,1
1109,19,incongruent,621,1
1110,19,incongruent,692,1
1111,19,congruent,480,1
1112,19,incongruent,684,1
1113,19,congruent,537,1
1114,19,congruent,463,1
1115,19,incongruent,486,1
1116,19,incongruent,826,1
1117,19,incongruent,569,1
1118,19,congruent,557,1
1119,19,congruent,391,1
1120,19,congruent,416,1
1121,19,congruent,398,1
1122,20,congruent,878,1
1123,20,incongruent,737,1
1124,20,congruent,384,1
1125,20,incongruent,638,1
1126,20,incongruent,584,1
1127,20,congruent,671,1
1128,20,incongruent,520,1
1129,20,congruent,514,1
1130,20,congruent,499,1
1131,20,incongruent,466,1
1132,20,congruent,432,1
1133,20,incongruent,505,1
1134,20,congruent,527,1
1135,20,incongruent,579,1
1136,20,congruent,538,1
1137,20,incongruent,553,1
1138,20,congruent,562,1
1139,20,congruent,1079,1
1140,20,incongruent,482,1
1141,20,incongruent,483,1
1142,20,congruent,351,1
1143,20,incongruent,464,1
1144,20,incongruent,398,1
1145,20,congruent,391,1
1146,20,incongruent,424,0
1147,20,congruent,398,1
1148,20,congruent,463,1
1149,20,incongruent,589,1
1150,20,incongruent,439,1
1151,20,congruent,520,1
1152,20,incongruent,536,1
1153,20,congruent,639,1
1154,20,congruent,520,1
1155,20,incongruent,522,1
1156,20,congruent,654,1
1157,20,incongruent,485,1
1158,20,congruent,433,1
1159,20,incongruent,429,1
1160,20,congruent,533,1
1161,20,incongruent,393,1
1162,20,incongruent,482,1
1163,20,incongruent,406,1
1164,20,congruent,322,1
1165,20,congruent,290,1
1166,20,incongruent,333,0
1167,20,congruent,473,1
1168,20,congruent,439,1
1169,20,incongruent,552,1
1170,20,incongruent,465,1
1171,20,congruent,440,1
1172,20,incongruent,537,1
1173,20,congruent,672,1
1174,20,incongruent,442,1
1175,20,congruent,413,1
1176,20,congruent,388,1
1177,20,incongruent,444,1
1178,20,congruent,576,1
1179,20,incongruent,335,0
1180,20,incongruent,653,1
1181,20,congruent,532,1
1182,20,incongruent,536,1
1183,20,congruent,391,1
1184,20,incongruent,543,1
1185,20,congruent,564,1
1186,20,incongruent,424,1
1187,20,congruent,558,1
1188,20,congruent,447,1
1189,20,incongruent,547,1
1190,20,congruent,557,1
1191,20,incongruent,553,1
1192,20,congruent,490,1
1193,20,incongruent,470,1
1194,20,incongruent,423,1
1195,20,congruent,373,1
1196,20,incongruent,540,1
1197,20,congruent,401,1
1198,20,congruent,542,1
1199,20,congruent,380,1
1200,20,incongruent,434,1
1201,20,incongruent,475,1
1202,20,congruent,364,1
1203,20,congruent,407,1
1204,20,incongruent,427,0
1205,20,incongruent,577,1
1206,20,incongruent,624,1
1207,20,incongruent,599,1
1208,20,congruent,451,1
1209,20,congruent,538,1
1210,20,incongruent,563,1
1211,20,congruent,463,1
1212,20,incongruent,486,1
1213,20,congruent,441,1
1214,20,congruent,485,1
1215,20,incongruent,401,1
1216,20,congruent,516,1
1217,20,incongruent,542,1
1218,20,incongruent,532,1
1219,20,incongruent,467,1
1220,20,congruent,428,1
1221,20,congruent,421,1
1222,20,congruent,467,1
1223,20,incongruent,509,1
1224,1,congruent,851,1
1225,1,incongruent,576,1
1226,1,congruent,391,1
1227,1,incongruent,480,1
1228,1,incongruent,404,1
1229,1,congruent,343,1
1230,1,incongruent,397,1
1231,1,congruent,390,1
1232,1,incongruent,516,1
1233,1,incongruent,478,0
1234,1,congruent,935,1
1235,1,congruent,479,1
1236,1,incongruent,584,1
1237,1,congruent,494,1
1238,1,incongruent,509,1
1239,1,congruent,462,1
1240,1,congruent,461,1
1241,1,incongruent,1030,1
1242,1,congruent,642,1
1243,1,incongruent,508,1
1244,1,incongruent,514,1
1245,1,congruent,444,1
1246,1,congruent,391,1
1247,1,incongruent,480,1
1248,1,congruent,442,1
1249,1,incongruent,451,1
1250,1,congruent,438,1
1251,1,incongruent,535,1
1252,1,incongruent,446,1
1253,1,congruent,386,1
1254,1,incongruent,536,1
1255,1,congruent,391,1
1256,1,congruent,512,1
1257,1,congruent,361,1
1258,1,incongruent,617,1
1259,1,incongruent,512,1
1260,1,incongruent,474,1
1261,1,congruent,339,1
1262,1,congruent,417,1
1263,1,incongruent,471,1
1264,1,congruent,416,1
1265,1,incongruent,487,1
1266,1,incongruent,555,1
1267,1,congruent,332,1
1268,1,congruent,495,1
1269,1,incongruent,473,1
1270,1,congruent,482,1
1271,1,incongruent,510,1
1272,1,incongruent,493,1
1273,1,congruent,355,1
1274,1,congruent,388,1
1275,1,incongruent,723,1
1276,1,congruent,583,1
1277,1,congruent,382,1
1278,1,incongruent,397,1
1279,1,incongruent,453,1
1280,1,congruent,376,1
1281,1,incongruent,478,1
1282,1,incongruent,504,1
1283,1,congruent,398,1
1284,1,incongruent,527,1
1285,1,congruent,371,1
1286,1,congruent,439,1
1287,1,incongruent,386,1
1288,1,incongruent,513,1
1289,1,congruent,410,1
1290,1,congruent,366,1
1291,1,incongruent,545,1
1292,1,incongruent,768,1
1293,1,congruent,485,1
1294,1,incongruent,505,1
1295,1,congruent,632,1
1296,1,incongruent,545,1
1297,1,congruent,368,1
1298,1,congruent,444,1
1299,1,incongruent,823,1
1300,1,incongruent,359,1
1301,1,congruent,440,1
1302,1,congruent,355,1
1303,1,incongruent,443,1
1304,1,congruent,343,1
1305,1,incongruent,565,1
1306,1,incongruent,505,1
1307,1,congruent,440,1
1308,1,incongruent,553,1
1309,1,congruent,923,0
1310,1,congruent,473,1
1311,1,incongruent,538,1
1312,1,congruent,440,1
1313,1,congruent,434,1
1314,1,incongruent,411,0
1315,1,incongruent,478,1
1316,1,congruent,887,1
1317,1,congruent,421,1
1318,1,incongruent,491,1
1319,1,incongruent,775,1
1320,1,congruent,527,1
1321,1,congruent,571,1
1322,1,incongruent,495,1
1323,1,incongruent,450,0
1324,1,incongruent,822,1
1325,1,congruent,509,1
1326,2,congruent,779,1
1327,2,incongruent,626,1
1328,2,incongruent,556,1
1329,2,congruent,413,1
1330,2,incongruent,625,1
1331,2,incongruent,584,1
1332,2,congruent,575,1
1333,2,congruent,454,1
1335,2,incongruent,705,1
1336,2,congruent,928,1
1337,2,congruent,544,1
1338,2,congruent,554,1
1339,2,congruent,387,1
1340,2,incongruent,472,1
1341,2,incongruent,466,1
1342,2,incongruent,496,1
1343,2,congruent,703,1
1344,2,incongruent,582,1
1345,2,congruent,429,1
1346,2,incongruent,510,1
1347,2,incongruent,536,1
1348,2,congruent,494,1
1349,2,congruent,485,1
1350,2,congruent,449,1
1351,2,incongruent,597,1
1352,2,incongruent,478,1
1353,2,congruent,448,1
1354,2,incongruent,579,1
1355,2,incongruent,578,1
1356,2,congruent,377,1
1357,2,congruent,447,1
1358,2,incongruent,587,1
1359,2,incongruent,562,1
1360,2,congruent,1761,1
1361,2,congruent,417,1
1362,2,congruent,415,1
1363,2,congruent,352,1
1364,2,incongruent,537,1
1365,2,incongruent,504,1
1366,2,congruent,374,1
1367,2,congruent,389,1
1368,2,incongruent,462,1
1369,2,incongruent,588,1
1370,2,incongruent,446,1
1371,2,incongruent,625,1
1372,2,congruent,424,1
1373,2,congruent,447,1
1374,2,incongruent,539,1
1375,2,congruent,473,1
1376,2,incongruent,507,1
1377,2,congruent,759,1
1378,2,incongruent,497,1
1379,2,congruent,416,1
1380,2,congruent,417,1
1381,2,incongruent,510,1
1382,2,incongruent,456,1
1383,2,incongruent,398,1
1384,2,congruent,399,1
1385,2,congruent,376,1
1386,2,congruent,366,1
1387,2,incongruent,457,1
1388,2,congruent,440,1
1389,2,incongruent,449,1
1390,2,congruent,461,1
1391,2,congruent,387,1
1392,2,incongruent,577,1
1393,2,incongruent,600,1
1394,2,congruent,493,1
1395,2,incongruent,593,1
1396,2,congruent,435,1
1397,2,incongruent,556,1
1398,2,congruent,437,1
1399,2,incongruent,414,0
1400,2,congruent,538,1
1401,2,incongruent,617,1
1402,2,incongruent,512,1
1403,2,incongruent,609,1
1404,2,congruent,428,1
1405,2,congruent,398,1
1406,2,congruent,414,1
1407,2,incongruent,594,1
1408,2,incongruent,444,1
1409,2,congruent,415,1
1410,2,incongruent,534,1
1411,2,congruent,455,1
1412,2,incongruent,614,1
1413,2,congruent,397,1
1414,2,incongruent,414,1
1415,2,congruent,442,1
1416,2,incongruent,517,1
1417,2,congruent,479,1
1418,2,incongruent,520,1
1419,2,congruent,500,1
1420,2,congruent,331,1
1421,2,incongruent,494,1
1422,2,incongruent,794,0
1423,2,incongruent,1212,1
1424,2,congruent,397,1
1425,2,congruent,333,1
1426,2,congruent,441,1
1427,2,incongruent,388,0
1428,4,congruent,1033,1
1429,4,congruent,402,1
1430,4,incongruent,454,1
1431,4,incongruent,536,1
1432,4,incongruent,479,1
1433,4,congruent,360,1
1434,4,incongruent,449,1
1435,4,congruent,469,1
1436,4,incongruent,510,1
1437,4,incongruent,439,1
1438,4,congruent,456,1
1439,4,congruent,375,1
1440,4,incongruent,549,1
1441,4,congruent,422,1
1442,4,incongruent,373,1
1443,4,congruent,432,1
1444,4,congruent,377,1
1445,4,incongruent,736,1
1446,4,incongruent,503,1
1447,4,congruent,462,1
1448,4,congruent,412,1
1449,4,congruent,472,1
1450,4,incongruent,529,1
1451,4,incongruent,541,1
1452,4,incongruent,484,1
1453,4,incongruent,496,1
1454,4,congruent,382,1
1455,4,congruent,444,1
1456,4,incongruent,528,1
1457,4,incongruent,420,1
1458,4,congruent,451,1
1459,4,congruent,422,1
1460,4,incongruent,461,1
1461,4,congruent,435,1
1462,4,congruent,516,1
1463,4,incongruent,494,1
1464,4,congruent,353,1
1465,4,incongruent,473,1
1466,4,congruent,451,1
1467,4,incongruent,510,1
1468,4,incongruent,488,1
1469,4,congruent,476,1
1470,4,congruent,373,1
1471,4,incongruent,480,1
1472,4,incongruent,513,1
1473,4,incongruent,483,1
1474,4,congruent,439,1
1475,4,congruent,392,1
1476,4,congruent,417,1
1477,4,congruent,391,1
1478,4,incongruent,424,1
1479,4,incongruent,598,1
1480,4,incongruent,504,1
1481,4,congruent,407,1
1482,4,incongruent,498,1
1483,4,congruent,465,1
1484,4,incongruent,519,1
1485,4,congruent,385,1
1486,4,incongruent,479,1
1487,4,congruent,392,1
1488,4,congruent,457,1
1489,4,incongruent,487,1
1490,4,congruent,483,1
1491,4,incongruent,551,1
1492,4,incongruent,473,1
1493,4,incongruent,394,1
1494,4,congruent,403,1
1495,4,congruent,478,1
1496,4,congruent,584,1
1497,4,incongruent,503,1
1498,4,congruent,468,1
1499,4,incongruent,477,1
1500,4,congruent,415,1
1501,4,congruent,397,1
1502,4,incongruent,462,1
1503,4,incongruent,524,1
1504,4,congruent,416,1
1505,4,incongruent,487,1
1506,4,incongruent,499,1
1507,4,congruent,457,1
1508,4,congruent,424,1
1509,4,congruent,486,1
1510,4,incongruent,546,1
1511,4,incongruent,521,1
1512,4,congruent,354,1
1513,4,incongruent,483,1
1514,4,congruent,383,1
1515,4,incongruent,461,1
1516,4,congruent,444,1
1517,4,incongruent,543,1
1518,4,congruent,342,1
1519,4,incongruent,468,1
1520,4,congruent,427,1
1521,4,incongruent,457,1
1522,4,congruent,487,1
1523,4,incongruent,478,1
1524,4,incongruent,503,1
1525,4,incongruent,478,1
1526,4,congruent,383,1
1527,4,congruent,509,1
1528,4,incongruent,590,1
1529,4,congruent,496,1
1530,7,incongruent,1415,1
1531,7,incongruent,540,1
1532,7,congruent,550,1
1533,7,congruent,495,1
1534,7,incongruent,566,1
1535,7,incongruent,570,1
1536,7,congruent,486,1
1537,7,congruent,578,1
1538,7,incongruent,576,1
1539,7,congruent,583,1
1540,7,incongruent,480,1
1541,7,congruent,674,1
1542,7,congruent,468,1
1543,7,congruent,410,1
1544,7,incongruent,526,1
1545,7,incongruent,762,1
1546,7,congruent,423,1
1547,7,incongruent,1253,1
1548,7,incongruent,599,1
1549,7,congruent,448,1
1550,7,congruent,372,1
1551,7,incongruent,520,1
1552,7,congruent,497,1
1553,7,incongruent,528,1
1554,7,incongruent,572,1
1555,7,congruent,560,1
1556,7,incongruent,569,1
1557,7,congruent,470,1
1558,7,congruent,503,1
1559,7,incongruent,508,1
1560,7,incongruent,582,1
1561,7,congruent,549,1
1562,7,congruent,614,1
1563,7,incongruent,637,1
1564,7,congruent,655,1
1565,7,incongruent,590,1
1566,7,congruent,472,1
1567,7,incongruent,585,1
1568,7,congruent,440,1
1569,7,incongruent,625,1
1570,7,congruent,384,1
1571,7,incongruent,463,0
1572,7,incongruent,621,1
1573,7,congruent,500,1
1574,7,congruent,387,1
1575,7,congruent,489,1
1576,7,incongruent,557,1
1577,7,incongruent,582,1
1578,7,congruent,472,1
1579,7,congruent,553,1
1580,7,incongruent,507,1
1581,7,incongruent,785,1
1582,7,incongruent,656,1
1583,7,incongruent,503,1
1584,7,congruent,806,1
1585,7,congruent,475,1
1586,7,incongruent,780,1
1587,7,incongruent,524,1
1588,7,congruent,560,1
1589,7,congruent,530,1
1590,7,congruent,454,1
1591,7,congruent,481,1
1592,7,incongruent,595,1
1593,7,incongruent,660,1
1594,7,incongruent,651,1
1595,7,congruent,568,1
1596,7,congruent,580,1
1597,7,incongruent,611,1
1598,7,congruent,624,1
1599,7,incongruent,599,1
1600,7,incongruent,536,1
1601,7,congruent,526,1
1602,7,congruent,546,1
1603,7,incongruent,668,1
1604,7,congruent,558,1
1605,7,incongruent,562,1
1606,7,incongruent,542,1
1607,7,congruent,445,1
1608,7,incongruent,601,1
1609,7,congruent,426,0
1610,7,incongruent,409,0
1611,7,incongruent,636,1
1612,7,congruent,438,1
1613,7,congruent,495,1
1614,7,incongruent,1115,1
1615,7,incongruent,831,1
1616,7,congruent,553,1
1617,7,congruent,571,1
1618,7,congruent,519,1
1619,7,incongruent,576,1
1620,7,incongruent,703,1
1621,7,congruent,494,1
1622,7,incongruent,652,1
1623,7,congruent,489,1
1624,7,congruent,661,1
1625,7,incongruent,596,1
1626,7,incongruent,501,1
1627,7,congruent,452,1
1628,7,congruent,488,1
1629,7,incongruent,572,1
1630,7,incongruent,643,1
1631,7,congruent,487,1
1632,9,congruent,654,1
1633,9,congruent,472,1
1634,9,incongruent,612,1
1635,9,incongruent,515,1
1636,9,incongruent,508,1
1637,9,congruent,429,1
1638,9,incongruent,469,1
1639,9,congruent,422,1
1640,9,congruent,461,1
1641,9,incongruent,411,1
1642,9,congruent,423,1
1643,9,incongruent,496,1
1644,9,incongruent,607,1
1645,9,congruent,443,1
1646,9,congruent,399,1
1647,9,incongruent,455,1
1648,9,congruent,438,1
1649,9,incongruent,1007,1
1650,9,incongruent,517,1
1651,9,congruent,550,1
1652,9,incongruent,584,1
1653,9,incongruent,554,1
1654,9,congruent,563,1
1655,9,congruent,431,1
1656,9,congruent,408,1
1657,9,incongruent,596,1
1658,9,congruent,533,1
1659,9,incongruent,537,1
1660,9,congruent,648,1
1661,9,congruent,597,1
1662,9,incongruent,542,1
1663,9,incongruent,573,1
1664,9,incongruent,569,1
1665,9,congruent,536,1
1666,9,incongruent,791,1
1667,9,congruent,594,1
1668,9,congruent,491,1
1669,9,congruent,495,1
1670,9,incongruent,547,1
1671,9,incongruent,716,1
1672,9,congruent,502,1
1673,9,incongruent,524,1
1674,9,congruent,656,1
1675,9,incongruent,528,1
1676,9,congruent,531,1
1677,9,incongruent,735,1
1678,9,incongruent,671,1
1679,9,congruent,505,1
1680,9,incongruent,498,1
1681,9,incongruent,489,1
1682,9,congruent,549,1
1683,9,congruent,822,1
1684,9,congruent,486,1
1685,9,congruent,610,1
1686,9,incongruent,569,1
1687,9,incongruent,741,1
1688,9,incongruent,565,1
1689,9,incongruent,577,1
1690,9,congruent,560,1
1691,9,congruent,513,1
1692,9,incongruent,555,1
1693,9,incongruent,492,1
1694,9,congruent,520,1
1695,9,congruent,593,1
1696,9,incongruent,587,1
1697,9,congruent,613,1
1698,9,congruent,505,1
1699,9,incongruent,520,1
1700,9,incongruent,644,1
1701,9,incongruent,488,1
1702,9,congruent,476,1
1703,9,congruent,496,1
1704,9,congruent,543,1
1705,9,incongruent,669,1
1706,9,congruent,478,1
1707,9,incongruent,592,1
1708,9,incongruent,604,1
1709,9,congruent,760,1
1710,9,congruent,549,1
1711,9,incongruent,519,1
1712,9,incongruent,568,1
1713,9,congruent,508,1
1714,9,incongruent,662,1
1715,9,congruent,493,1
1716,9,congruent,633,1
1717,9,incongruent,915,1
1718,9,incongruent,598,1
1719,9,congruent,535,1
1720,9,incongruent,574,1
1721,9,congruent,509,1
1722,9,congruent,534,1
1723,9,incongruent,581,1
1724,9,congruent,622,1
1725,9,congruent,470,1
1726,9,incongruent,543,1
1727,9,incongruent,541,1
1728,9,congruent,476,1
1729,9,congruent,507,1
1730,9,incongruent,497,1
1731,9,incongruent,504,1
1732,9,congruent,471,1
1733,9,incongruent,515,1
1734,12,incongruent,725,1
1735,12,congruent,431,1
1736,12,congruent,424,1
1737,12,incongruent,513,1
1738,12,incongruent,507,1
1739,12,incongruent,513,1
1740,12,congruent,338,1
1741,12,congruent,305,1
1742,12,incongruent,422,1
1743,12,incongruent,429,1
1744,12,congruent,395,1
1745,12,congruent,372,1
1746,12,congruent,375,1
1747,12,congruent,350,1
1748,12,incongruent,414,1
1749,12,incongruent,469,1
1750,12,congruent,314,1
1751,12,congruent,612,1
1752,12,incongruent,536,1
1753,12,incongruent,479,1
1754,12,incongruent,543,1
1755,12,congruent,390,1
1756,12,incongruent,407,0
1757,12,congruent,387,1
1758,12,incongruent,361,0
1759,12,congruent,393,1
1760,12,congruent,378,1
1761,12,incongruent,384,0
1762,12,congruent,447,1
1763,12,congruent,378,1
1764,12,incongruent,449,1
1765,12,incongruent,468,1
1766,12,incongruent,563,1
1767,12,incongruent,439,1
1768,12,congruent,544,1
1769,12,congruent,391,1
1770,12,congruent,376,1
1771,12,congruent,374,1
1772,12,incongruent,498,1
1773,12,incongruent,416,1
1774,12,congruent,399,1
1775,12,incongruent,495,1
1776,12,incongruent,430,1
1777,12,congruent,351,1
1778,12,incongruent,448,1
1779,12,congruent,356,1
1780,12,congruent,460,1
1781,12,incongruent,507,1
1782,12,incongruent,457,1
1783,12,congruent,336,1
1784,12,congruent,406,1
1785,12,incongruent,722,0
1786,12,congruent,550,1
1787,12,incongruent,512,1
1788,12,incongruent,513,1
1789,12,congruent,378,1
1790,12,congruent,392,1
1791,12,congruent,377,1
1792,12,incongruent,319,0
1793,12,incongruent,528,1
1794,12,incongruent,492,1
1795,12,congruent,360,1
1796,12,congruent,363,1
1797,12,incongruent,454,1
1798,12,congruent,394,1
1799,12,incongruent,419,1
1800,12,congruent,377,1
1801,12,incongruent,488,1
1802,12,incongruent,628,1
1803,12,congruent,347,1
1804,12,congruent,393,1
1805,12,incongruent,410,1
1806,12,incongruent,485,1
1807,12,congruent,417,1
1808,12,congruent,320,1
1809,12,incongruent,360,0
1810,12,incongruent,417,1
1811,12,congruent,399,1
1812,12,incongruent,496,1
1813,12,congruent,519,1
1814,12,congruent,384,1
1815,12,incongruent,502,1
1816,12,incongruent,477,1
1817,12,congruent,382,1
1818,12,congruent,428,1
1819,12,incongruent,542,1
1820,12,incongruent,484,1
1821,12,congruent,383,1
1822,12,incongruent,445,1
1823,12,incongruent,433,1
1824,12,congruent,362,1
1825,12,congruent,390,1
1826,12,incongruent,438,1
1827,12,congruent,370,1
1828,12,congruent,414,1
1829,12,incongruent,457,1
1830,12,incongruent,464,1
1831,12,congruent,422,1
1832,12,incongruent,501,1
1833,12,congruent,371,1
1834,12,congruent,303,1
1835,12,incongruent,436,1
1836,13,congruent,451,1
1837,13,incongruent,423,0
1838,13,incongruent,493,1
1839,13,congruent,372,1
1840,13,incongruent,727,1
1841,13,congruent,356,1
1842,13,congruent,381,1
1843,13,incongruent,515,1
1844,13,incongruent,420,1
1845,13,incongruent,435,1
1846,13,congruent,444,1
1847,13,congruent,752,1
1848,13,incongruent,458,1
1849,13,congruent,464,1
1850,13,congruent,351,1
1851,13,incongruent,438,1
1852,13,congruent,327,1
1853,13,incongruent,1587,1
1854,13,congruent,360,1
1855,13,incongruent,401,0
1856,13,incongruent,410,1
1857,13,congruent,462,1
1858,13,congruent,468,1
1859,13,incongruent,437,1
1860,13,incongruent,326,1
1861,13,incongruent,370,1
1862,13,congruent,325,1
1863,13,congruent,352,1
1864,13,congruent,329,1
1865,13,incongruent,724,0
1866,13,incongruent,425,1
1867,13,congruent,368,1
1868,13,congruent,339,1
1869,13,congruent,369,1
1870,13,incongruent,653,1
1871,13,incongruent,401,1
1872,13,incongruent,413,1
1873,13,congruent,395,1
1874,13,congruent,380,1
1875,13,incongruent,522,1
1876,13,congruent,326,1
1877,13,incongruent,418,1
1878,13,incongruent,464,1
1879,13,congruent,278,1
1880,13,congruent,367,1
1881,13,incongruent,266,0
1882,13,incongruent,432,1
1883,13,congruent,385,1
1884,13,congruent,378,1
1885,13,incongruent,440,1
1886,13,congruent,400,1
1887,13,incongruent,609,1
1888,13,congruent,366,1
1889,13,incongruent,449,1
1890,13,congruent,389,1
1891,13,incongruent,446,1
1892,13,incongruent,418,1
1893,13,congruent,376,1
1894,13,incongruent,350,0
1895,13,congruent,351,1
1896,13,congruent,368,1
1897,13,incongruent,443,1
1898,13,congruent,439,1
1899,13,incongruent,432,1
1900,13,congruent,433,1
1901,13,incongruent,370,0
1902,13,incongruent,445,1
1903,13,congruent,425,1
1904,13,congruent,536,1
1905,13,congruent,382,1
1906,13,incongruent,453,1
1907,13,incongruent,392,1
1908,13,incongruent,441,1
1909,13,incongruent,378,1
1910,13,congruent,353,1
1911,13,congruent,337,1
1912,13,incongruent,503,1
1913,13,incongruent,422,1
1914,13,congruent,348,1
1915,13,congruent,261,1
1916,13,congruent,219,1
1917,13,incongruent,240,0
1918,13,incongruent,425,1
1919,13,congruent,426,1
1920,13,congruent,328,1
1921,13,congruent,524,1
1922,13,incongruent,407,1
1923,13,incongruent,442,1
1924,13,incongruent,390,0
1925,13,congruent,391,1
1926,13,incongruent,440,1
1927,13,congruent,417,1
1928,13,incongruent,263,0
1929,13,congruent,397,1
1930,13,incongruent,414,1
1931,13,congruent,364,1
1932,13,congruent,440,1
1933,13,incongruent,449,1
1934,13,incongruent,484,1
1935,13,congruent,368,1
1936,13,congruent,508,1
1937,13,incongruent,365,0
1938,17,incongruent,599,1
1939,17,congruent,382,1
1940,17,congruent,354,1
1941,17,incongruent,410,1
1942,17,incongruent,414,1
1943,17,congruent,391,1
1944,17,congruent,312,1
1945,17,incongruent,393,0
1946,17,incongruent,409,1
1947,17,incongruent,397,1
1948,17,congruent,358,1
1949,17,congruent,351,1
1950,17,incongruent,398,1
1951,17,congruent,351,1
1952,17,incongruent,408,1
1953,17,congruent,396,1
1954,17,congruent,284,1
1955,17,incongruent,619,1
1956,17,congruent,346,1
1957,17,incongruent,272,0
1958,17,incongruent,448,1
1959,17,congruent,332,1
1960,17,incongruent,383,1
1961,17,congruent,352,1
1962,17,congruent,321,1
1963,17,incongruent,380,0
1964,17,incongruent,402,1
1965,17,congruent,318,1
1966,17,incongruent,407,1
1967,17,incongruent,442,1
1968,17,congruent,414,1
1969,17,congruent,319,1
1970,17,incongruent,328,1
1971,17,incongruent,419,1
1972,17,congruent,423,1
1973,17,congruent,301,1
1974,17,congruent,339,1
1975,17,congruent,369,1
1976,17,incongruent,285,0
1977,17,incongruent,339,1
1978,17,incongruent,505,1
1979,17,congruent,279,1
1980,17,incongruent,434,1
1981,17,congruent,331,1
1982,17,incongruent,791,1
1983,17,congruent,409,1
1984,17,incongruent,404,1
1985,17,congruent,343,1
1986,17,incongruent,414,1
1987,17,incongruent,390,1
1988,17,congruent,362,1
1989,17,congruent,344,1
1990,17,incongruent,270,0
1991,17,congruent,314,1
1992,17,congruent,341,1
1993,17,incongruent,331,1
1994,17,incongruent,502,1
1995,17,congruent,341,1
1996,17,incongruent,443,1
1997,17,congruent,385,1
1998,17,incongruent,359,1
1999,17,incongruent,403,1
2000,17,congruent,303,1
2001,17,congruent,356,1
2002,17,incongruent,325,1
2003,17,congruent,352,1
2004,17,incongruent,457,1
2005,17,congruent,312,1
2006,17,incongruent,467,1
2007,17,congruent,365,1
2008,17,congruent,344,1
2009,17,incongruent,393,0
2010,17,congruent,394,1
2011,17,congruent,315,1
2012,17,incongruent,395,1
2013,17,incongruent,444,1
2014,17,congruent,320,1
2015,17,incongruent,448,1
2016,17,incongruent,364,1
2017,17,congruent,392,1
2018,17,incongruent,384,1
2019,17,congruent,367,1
2020,17,incongruent,434,1
2021,17,congruent,410,1
2022,17,incongruent,454,1
2023,17,incongruent,436,1
2024,17,congruent,406,1
2025,17,congruent,361,1
2026,17,congruent,365,1
2027,17,congruent,355,1
2028,17,incongruent,547,1
2029,17,incongruent,418,0
2030,17,congruent,369,1
2031,17,congruent,332,1
2032,17,incongruent,559,1
2033,17,incongruent,425,1
2034,17,incongruent,442,1
2035,17,congruent,312,1
2036,17,incongruent,481,1
2037,17,congruent,325,1
2038,17,congruent,299,1
2039,17,incongruent,385,1
